Year,Concentration,InvestmentConcentration,PreMed,HowLong Premed,StartingPremed,STEMAbility,Check off the classes you've taken (or are currently taking).,Homework,EnjoyBiology,EnjoyPhysics,EnjoyMath,EnjoyChemistry,EnjoySocialScience,EnjoyHumanities,MCAT,FamilyDoctor,ImmediateFamilyDoctor,DegreeUS,HarvardPMAdvising,CommunityService,CommunityServiceHours,WorkForPayHours,FGLI ,Research,"Would you consider going to graduate school for a degree other than an MD? Check off all that apply. (If PhD or Masters, specify the field)",What resources at Harvard have you used?,"In your opinion, in a few words, what are/were your primary motivations to being a pre-med?","In your opinion, in a few words, if you were pre-med but now aren't, what made you stop?","Briefly, what are your current career goals, either short or long term?",What is the best class you've taken at Harvard?,"In 1-2 sentences, what are your thoughts on the pre-med culture at Harvard?",What is your gender?,What is your race and/or ethnicity?,How stressed do you think you are while at Harvard?,"On a scale of 1-5, how empathetic and caring of a person do you think you are?",What is your current GPA? (optional)
Junior,Linguistics,5,Yes but not anymore,3-4 semesters,Yes,4,"LS2, Chem20, Math 1a and/or 1b",15,2,3,3,4,4,5,Nope.,No,No,,2,"Tutoring/Teaching, Mentoring",5,0,No,1,"PhD, Masters, J.D.",,"desire to help people, desire for career certainty","lack of interest in pre-med coursework, concern about stress and overwork in med school/residency",probably law school,my freshman seminar (Language and Prehistory),Premed at Harvard is kind of culturally inflexible; there isn't a lot of space for doubt/thoughtful consideration (aside from just dropping premed altogether).,Male,,,,
Junior,Psychology,5,Yes! I am currently pre-med and intend on becoming a doctor in the future.,5-6 semesters,Yes,4,"LS1a, LS1b, PS11, Chem17, Chem27, Summer School Physics, Math21a and/or 21b",12.5,3,5,5,3,4,4,No but I plan to,No,No,,2,Working at a hospital or health care center,2,7,No,3,"PhD, PhD in Clinical Psych",,fit my personality,,try photography then either Clinical Psych or medicine,PS11,"not that cutthroat, a few brown-nosers but not horrible. generally a lot of people who are lukewarm about their concentration though.",Male,Chinese American,,,
Senior,Psychology,5,Yes but not anymore,1-2 semesters,Yes,2,"LPSA, LS1b, PS1",12,4,,2,1,5,4,Nope.,Yes,No,,1,"Peer Counseling/Peer Education, Mentoring",5,12,"Yes, low income",4,"PhD, MPH",,Wanting to help people,toxic culture,clinical psychology or public health,USW35,It is so toxic and there's not much room for intellectual curiosity. Students are not very nice to each other and there's too much emphasis on grades.,Female,South Asian,,,
Sophomore,Bioengineering,5,I've thought about it once or twice,,No I have never been pre-med,3,"LS1a, LS1b, Physics 15a, Math 1a and/or 1b, Math21a and/or 21b",30,5,3,5,3,5,5,Nope.,No,No,,,Mentoring,1,4,"Yes, both",1,"PhD, MBA",,,,,,,Female,Hispanic,,,
Sophomore,HEB,4,Yes! I am currently pre-med and intend on becoming a doctor in the future.,3-4 semesters,Yes,3,"LPSA, LS1b, Chem17, Math 1a and/or 1b",12.5,3,5,4,4,2,1,No but I plan to,No,No,,4,Social activism,3,2.5,No,3,No,,Personal preference,n/a,Surgery,A brief history of surgery--freshman seminar,Intense but welcoming,Male,Arab,,,
Already graduated,Chemistry,5,Yes but not anymore,3-4 semesters,Yes,3,"LS1a, LS1b, PS1, Chem17, Chem27, Chem30, Math21a and/or 21b, PS2, PS3",40,3,2,4,5,I avoid it and have avoided it.,I avoid it and have avoided it.,Nope.,No,No,,3,Tutoring/Teaching,0,31,No,5,"PhD, PhD in Chemistry",,It was the only career I had ever known of that involved science.,"I realized I loved chemistry more than biology, and after having done chemistry research, I couldn't see myself doing anything else.",PhD in chemistry.,Chem30.,"Toxic. I've worked with a ton of premeds, in many different aspects, and they are so incredibly toxic, to others, and to themselves.",Male,White,,,
Sophomore,"Undeclared. Debating between HEB, IB, Psych",4,Yes! I am currently pre-med and intend on becoming a doctor in the future.,3-4 semesters,No but I switched to being pre-med,2,"LS1a, LS1b, Math Ma and/or Mb, PS 10. Also am currently taking Chem 17 and OEB 10",7,2,1,3,4,5,4,No but I plan to,No,No,,2,"Shadowing, Service activities serving medically disadvantaged populations, HCFA",3,2,"Yes, both",1,"PhD, MPH, M.Ed, Ed.D, MBA, Unsure",,I want to make a substantial impact on people's lives,,"Pediatric Cardiologist, Health Advocate, Mom",Spanish 11,The individuals are nice but the population as a whole is cutthroat.,Female,Caucasian/Japanese,,,
Senior,Hist & Sci,4,Yes but not anymore,5-6 semesters,Yes,5,"LS1a, LS1b, PS1, Chem17, Chem27, Math 1a and/or 1b, HEB 1420, PS2, AP50B",20,2,3,4,5,4,5,Nope.,No,No,,4,"Tutoring/Teaching, Peer Counseling/Peer Education, Shadowing, Homeless Shelters, Service activities serving medically disadvantaged populations, Working at a hospital or health care center, Mentoring",18,42.5,"Yes, both",2,"Masters, MPH, M.Ed, Ed.D",,"Family influence/goals, mentality in entering college of limited career options (doctor, lawyer, engineer, teacher), enjoyment of working in a hospital setting",I can get the enjoyment I get from working with people in a hospital setting without going to medical school.,Counseling psychology,taken: HEB 1420 ; currently taking that will likely supersede that: USW 35,"competitive, but with varying ranges of experiences and desires for the future, in terms of what kind of pre-med they want to be",Female,South Asian/Pakistani American,,,
Senior,Public Health,4,Yes but not anymore,3-4 semesters,Yes,2,"Chem17, Chem20",15,3,1,2,2,4,4,Nope.,No,No,,3,"Peer Counseling/Peer Education, research",5,15,"Yes, both",3,"Masters, MPH",,giving back and stability,lack of good grades and mental health,policy analyst,n/a,toxic,Female,Asian,,,
Junior,Hist & Sci,5,Yes! I am currently pre-med and intend on becoming a doctor in the future.,5-6 semesters,Yes,3,"LPSA, LS1b, LS2, PS11, Chem17, Math Ma and/or Mb",20,4,1,1,1,5,5,No but I plan to,No,No,,3,Harvard Cancer Society,3,8,"Yes, low income",1,Masters,,"I feel called to be a doctor, and I want to help people by providing medical care",,Work as a doctor in an emergency room/trauma/crisis situations,Madness and Medicine,"Science pre meds are intimidating, non science pre meds are usually less",Female,Caucasian,,,
Senior,HEB,4,Yes! I am currently pre-med and intend on becoming a doctor in the future.,7-8 semesters,Yes,4,"LS1a, LS1b, LS2, PS1, Chem17, Chem27, Math 19a and/or 19b",15,5,3,3,3,5,3,Yes!,Yes,Father,Yes,4,"Tutoring/Teaching, Peer Counseling/Peer Education, Mentoring",6,0,No,5,"Masters, MBA",,Be in a position to impact health outcomes,,I want an MD/MBA or MD/MPP and want to work as a PCP while also impacting healthcare from a broader perspective than being a pure clinician,HEB 2100 - Diet and Exercise,It's good. Competitive but not toxic.,Male,South Asian,,,
Sophomore,Undeclared,3,Yes! I am currently pre-med and intend on becoming a doctor in the future.,3-4 semesters,No but I switched to being pre-med,4,"LS1a, PS11, Chem17, Math 1a and/or 1b, Math21a and/or 21b",16,5,4,4,5,3,5,No but I plan to,Yes,No,,4,CrimsonEMS,5,0,No,1,PhD,,I think that I have a talent and passion for caring for people. The idea of researching and helping treat/cure diseases excites me.,,"I'd like to be an MD/PhD, practicing and doing research",Either Blood: From Gory to Glory or Classical Mythology,"The people are nice, and not at all cutthroat. It's just that people overwork/stress themselves.",Female,Asian/Caucasian,,,
Senior,Anthropology,4,Yes but not anymore,1-2 semesters,Yes,3,"LS1a, LS1b, Math 1a and/or 1b",30,2,1,1,1,5,5,Nope.,Yes,,,4,None,0,4.5,"Yes, both",5,JD,Office Hours,"Well Aakriti, I was one of those people in high school that was known as ""smart,"" and generally, if you were known as ""smart"" that meant you could become a doctor. I think back then I was also particularly inspired by Doctors Without Borders and going to different countries that don't have as good access to health care and whatnot, and at one point doing such a thing was my dream.","The pre-med culture at Harvard, and realizing I wasn't willing to put anywhere near as much effort into pre-med classes as everyone else who was serious about it was. I also realized there were other things I was more willing to put effort into, that I more genuinely enjoyed.",Working as a legal analyst for the United Nations in human rights issues around the world #NewDream,Spanish 59: Spanish and the Community,I am so glad I'm not a part of it. It sucks.,Female,Filipino and p r o u d,,,lol
Sophomore,MCB,4,Yes! I am currently pre-med and intend on becoming a doctor in the future.,3-4 semesters,Yes,3,"LS1a, LS1b, Chem17, MCB60, Math 1a and/or 1b",22,5,1,1,4,4,5,No but I plan to,Yes,No,,3,None,0,8.5,"Yes, low income",1,"PhD, Masters",,"i love science, it's been assumed my whole life",,"no clue! might be a neurologist, might go into research, might go into a more psychology based route",MCB60/SLS20,i say as a pre-med that pre-meds are the most stressful people to be around. they are also impressive as all hell,Female,black,,,
Sophomore,Neurobiology,4,Yes! I am currently pre-med and intend on becoming a doctor in the future.,3-4 semesters,Yes,4,"LS1a, LS1b, Math21a and/or 21b",,4,3,2,3,5,3,No but I plan to,No,No,,2,None,0,0,No,2,PhD,Office Hours,I want to do research and MD/PhD is taken very seriously,,"Moonshot neuroscience research, hopefully something in brain/computer interfaces","Psy1002, Evolution of Morality",as extra as every other pre-professional category,Female,White/Hispanic,Very stressed,,3.6ish?
Sophomore,Bioengineering,5,Yes but not anymore,1-2 semesters,No I have never been pre-med,5,"LS1a, LS1b, Physics 15a, Physics 15b, Chem17, Math21a and/or 21b, ES 53",20,5,4,5,4,3,3,Nope.,Yes,Older sister/older stepsister,No,5,None,0,0,"Yes, low income",2,"PhD, Bioengineering","Office Hours, BSC Peer Tutoring",Helping people,Blood,Medical research,ES 53,Too competitive,Male,Caribbean,Just stressed enough,,3.67
Senior,Statistics,3,Yes but not anymore,3-4 semesters,Yes,2,"LPSA, LS1b, MCB60, Applied Math 21a and/or 21b, SLS20",10,3,3,4,2,4,4,Nope.,Yes,Father,Yes,3,"Advocacy, Peer Counseling/Peer Education",2,0,No,1,MBA,"Office Hours, Peer Counseling, BSC Peer Tutoring, CAMHS Counseling",,,,,,Male,Asian-American,Pretty stressed,,
Junior,Linguistics,4,Yes! I am currently pre-med and intend on becoming a doctor in the future.,5-6 semesters,Yes,4,"LS1a, LS1b, Physics 12a, Chem27, Summer School Organic Chemistry, Math21a and/or 21b, SLS20, SCRB 10",30,5,4,4,3,5,5,No but I plan to,No,No,,3,"Tutoring/Teaching, Shadowing, Working at a hospital or health care center",0,5,No,3,"MBA, JD","Office Hours, BSC Peer Tutoring",,,,,,Female,,Pretty stressed,,
Junior,Chemistry and Physics,4,Yes but not anymore,1-2 semesters,No I have never been pre-med,3,"LS1a, Physics 15a, Physics 15b, Chem17, Chem27",,4,5,4,4,4,4,Nope.,Yes,Mother,No,4,"Tutoring/Teaching, Peer Counseling/Peer Education",0,5,"Yes, both",4,"PhD, MBA","Office Hours, Other Tutoring, CAMHS Counseling","Just for the serving nature- helping people, etc.. Also for the intellectual curiosity of the diagnostic process.","International student, very unhealthy life style, honestly bad medical system in the US.Might return to home country to pursue medicine",?/?,"I loved Chem 27, ES 53, AESTHINT 36","Too much pressure, unhealthy goals",Female,Caucasian,Pretty stressed,,3.82
Senior,MCB,5,Yes! I am currently pre-med and intend on becoming a doctor in the future.,7-8 semesters,Yes,3,"LS1a, LS1b, PS1, Chem17, Chem27, MCB60, Math21a and/or 21b",20,5,3,3,2,4,4,No but I plan to,No,No,,4,None,2,2,"Yes, low income",5,"PhD, MPH",Office Hours,"I want to help people, to solve problems, and to do biology.",,I want to be an oncologist.,Women in American Medicine,There is mass hysteria. The pressure is unwarranted and the atmosphere is very competitive.,Female,White,Very stressed,,
Senior,Hist & Sci,5,Yes! I am currently pre-med and intend on becoming a doctor in the future.,7-8 semesters,Yes,1,"LS1a, LS1b, LS2, PS1, Chem17, Chem27, Math 1a and/or 1b, PS2 and PS3",15,4,1,1,1,5,4,No but I plan to,No,No,,3,"Advocacy, Peer Counseling/Peer Education, Shadowing, Homeless Shelters",20,15,"Yes, both",4,,"Office Hours, BSC Peer Tutoring, CAMHS Counseling","My family now, but before college I really thought I could help people.",,"Gap years with probably research and grade enhancing classes, then apply to med school.",ER18: Chinese Philosophy,"Weird. I think people say it's competitive. It is full of stress, but I've only had people want to help me not work against me, but I'm also not that great of a premed so who knows.",Female,,Very stressed,5,
Junior,MCB,4,Yes! I am currently pre-med and intend on becoming a doctor in the future.,5-6 semesters,Yes,5,"LS1a, LS1b, PS1, PS2, Chem17, Chem27, MCB60, Math Ma and/or Mb, Math 1a and/or 1b",12,5,4,4,5,4,1,No but I plan to,Yes,No,,5,"Tutoring/Teaching, Shadowing, Service activities serving medically disadvantaged populations",5,4,No,4,"PhD, MPH","Office Hours, BSC Peer Tutoring",love for science and helping others,,"Become a physician, teach as a medical school professor","That's a hard question; my favorites are Chem 17, Sociology 146, and HEB 1328","I have found it to be friendly and collaborative and when we stress, we stress collectively. No one is really trying to sabotage anyone, we're all just trying to make it.",Female,African American,Just stressed enough,5,
Junior,Chemistry,5,Yes! I am currently pre-med and intend on becoming a doctor in the future.,5-6 semesters,No but I switched to being pre-med,3,"LS1a, LS1b, PS11, Physics 15a, Physics 15b, Chem17, Chem27, Math21a and/or 21b",10,2,5,4,5,4,5,No but I plan to,No,No,,5,"Homeless Shelters, Service activities serving medically disadvantaged populations, Working at a hospital or health care center",3,3,No,5,PhD,"Office Hours, Peer Counseling, CAMHS Counseling",I found the subjects interesting.,,work as a doctor in the outdoors. I like to ski.,"MCB 112, Chem 160","Its rough. Honestly, most of my friends are ""chill pre-meds"" i.e. people who don't study biology.",Female,Asian,Just stressed enough,4,
Junior,IB,3,I've thought about it once or twice,,Yes,1,"LS1a, LS1b",5,5,1,1,2,4,3,No but I plan to,No,No,,3,None,0,11,"Yes, first-gen",5,"PhD, Masters",Office Hours,House MD,Classes were too hard tbh,Conservation or research,PSY 980F - Animal Cognition,Too competitive and cutthroat,Female,White,Pretty stressed,4,3.7
Already graduated,Bioengineering,4,Yes! I am currently pre-med and intend on becoming a doctor in the future.,,Yes,4,"LS1a, LS1b, PS11, Physics 12a, Physics 12b, Chem17, Chem27, Math21a and/or 21b, Applied Math 21a and/or 21b",,4,4,4,4,3,3,Yes!,Yes,"Father, Older sister/older stepsister",No,2,"Shadowing, Service activities serving medically disadvantaged populations, Working at a hospital or health care center, Mentoring",0,0,No,4,MBA,Office Hours,,,Become a doctor,SCRB 167 / MIT D lab courses,Competitive/everyone is super anal. Not fun.,Female,Indian,Just stressed enough,4,3.94
First-year,Linguistics,4,Yes! I am currently pre-med and intend on becoming a doctor in the future.,,Yes,4,LS1a,30,4,2,4,3,4,5,No but I plan to,No,No,,3,Peer Counseling/Peer Education,0,0,"Yes, first-gen",1,,Office Hours,,,,,,Female,,Just stressed enough,5,
Senior,Social Studies,4,Yes but not anymore,1-2 semesters,Yes,3,"LPSA, LS1b, Math 1a and/or 1b",,4,2,3,1,5,3,Nope.,No,No,No,2,"Advocacy, Tutoring/Teaching, Homeless Shelters",10,8,"Yes, low income",5,"MPP, JD, Masters in Urban Planning",Office Hours,"I wanted to be a pediatrician my whole life, I love kids, I want to help people","I started to care more about changing systems and policy to help people. I also hate/am terrible at chemistry and wasn't doing well in my pre-med classes, while loving my social science classes. If only one of those things was true, I probably would have stayed but together I just left.","I want to work on housing policy in the long term, not sure what my next job would be.",USW 24,,Female,"3/4 Indian, 1/4 German",Pretty stressed,4,3.43
Junior,Neurobiology,3,Yes! I am currently pre-med and intend on becoming a doctor in the future.,,Yes,1,"LS1a, LS1b, LS2, PS1, PS2, Chem17, Chem27, Math21a and/or 21b",37,4,2,2,4,3,1,No but I plan to,No,No,,3,"Peer Counseling/Peer Education, Working at a hospital or health care center",11.5,0,"Yes, low income",4,,"Office Hours, BSC Peer Tutoring, CAMHS Counseling",I wanted to have a meaningful career where I could help others and make a stable salary to support my family.,,I plan to still be a physician.,Not sure,It’s really stressful and overwhelming.,Female,Asian,Very stressed,4,3.81
Sophomore,English & Philosophy,4,Yes! I am currently pre-med and intend on becoming a doctor in the future.,,Yes,3,"LS1a, Chem17, Math Ma and/or Mb",10,4,4,3,3,3,5,No but I plan to,No,No,,3,None,0,0,"Yes, low income",1,,,I want to be a doctor and make people's lives better. I am also fascinated by life and want to ensure that it continues.,,Doctor and Novelist,AI55: Shakespeare's Early Plays,Pre-med students here either care too much and are try-hards or care too little.,Male,"Mixed, Primarily African American",Pretty stressed,5,3.54
Sophomore,Applied Math,5,Yes but not anymore,1-2 semesters,No but I switched to being pre-med,5,"Physics 15a, Chem20, Chem30, Math21a and/or 21b",30,2,4,5,5,5,5,Nope.,No,No,No,3,Tutoring/Teaching,0,12,No,2,JD,Office Hours,ambivalence regarding other occupations,didn't align with my interests,no clue,chem 20,not very prominent,Female,asian,Just stressed enough,4,3.9
Junior,Neurobiology,4,Yes! I am currently pre-med and intend on becoming a doctor in the future.,,Yes,2,"LS1a, LS1b, PS11, PS2, Chem17, Chem27, Math21a and/or 21b",41,4,2,2,3,4,4,No but I plan to,No,No,,3,Advocacy,2,0,No,5,PhD,"Office Hours, BSC Peer Tutoring",,,,,toxic,Female,Asian American,Very stressed,5,
Junior,Economics,3,Yes! I am currently pre-med and intend on becoming a doctor in the future.,,Yes,3,"LS1a, PS1, PS2, Chem17, Chem27, MCB60",90,4,2,5,4,4,3,No but I plan to,Yes,"Father, Mother","Father in US, mother in India",3,"Over the summer I did shadowing, activities for medically disadvantaged populations",0,0,No,3,MBA,Office Hours,I think being a doctor would be the coolest job in the world. It’s different every single day and you get to see the immediate impact of your work,,I want to be a surgeon,HEB1420 (anatomy) it was really hard but really rewarding,"I think there are a few people who are overly competitive, but mostly everyone is willing to help each other",Female,Indian (South Asian),Very stressed,4,3.68
Senior,Chemical and Physical Biology,4,Yes! I am currently pre-med and intend on becoming a doctor in the future.,,Yes,3,"LS1a, LS1b, PS1, Physics 15a, Physics 15b, Chem17, Chem27, MCB60, Math21a and/or 21b",45,5,2,4,4,4,4,No but I plan to,No,No,,5,"Tutoring/Teaching, Working at a hospital or health care center",1,7,"Yes, low income",5,"PhD, MPH, MBA, MPP","Office Hours, BSC Peer Tutoring",Help People,,Health Policy Analyst,MCB 101 Human Genetics,Decent,Male,White,Pretty stressed,5,3.1
Senior,Neurobiology,4,Yes! I am currently pre-med and intend on becoming a doctor in the future.,,Yes,3,"LPSA, LS1b, LS2, PS1, Chem17, Chem27, Math Ma and/or Mb, Math 1a and/or 1b",30,5,2,3,2,4,4,No but I plan to,No,No,,3,,0,0,"Yes, both",4,"PhD, Masters, MPH, MBA, MPP","Office Hours, Peer Counseling, BSC Peer Tutoring","i want to be a doctor in the future, i really enjoy biology and science classes/how the body works, i enjoy helping people and making people happy",,"doctor, setting up a clinic that supports people of color that cannot afford healthcare, practicing holistic/alternative medicine",LS2,"People here are very competitive and shady. They don't let you in on the secrets to doing well in a class or getting access to certain opportunities. But once you find a core group of trustworthy friends, you'll have a good experience.",Female,Black/First Gen African American,Pretty stressed,4,
Senior,,2,Yes! I am currently pre-med and intend on becoming a doctor in the future.,,No but I switched to being pre-med,2,"LS1a, LS1b, PS1, Chem17, Chem27, Math 1a and/or 1b, AP50 (Physics)",30,5,4,4,3,5,4,No but I plan to,No,No,,3,"Peer Counseling/Peer Education, Shadowing, Service activities serving medically disadvantaged populations, Mentoring",12,7,No,3,MPH,"Office Hours, Peer Counseling, CAMHS Counseling",I wanted to use medical knowledge to help people who are suffering; see medicine as an exciting blend of science and service,,Work in emergency medicine or psychiatry in a public hospital; likely get an MPH and work on research/policy related to that work,,Generally has been very helpful and collaborative; I have anecdotally noticed that those really involved in lab science or in strict bio concentrations have been less motivated/passionate about medicine and are less empathetic. Those outside traditional bio concentrations have tended to shine in other ways.,Male,White,Very stressed,4,3.6
Sophomore,Sociology,5,Yes but not anymore,1-2 semesters,Yes,3,"LS1a, Math Ma and/or Mb, SLS20",15,4,1,1,3,5,4,Nope.,No,No,,4,None,0,20,"Yes, both",1,"PhD, M.Ed, Ed.D, PhD in Sociology","Office Hours, Peer Counseling, BSC Peer Tutoring, CAMHS Counseling",,"There was too much competition. I didn't feel it was a healthy environment or supportive environment in a humane way. It was all about taking more and more classes for the sake of fulfilling requirements, with little friendship because one could be using the spot of another student in the admissions decision for medical school. It was a hurting and painful path that I decided I didn't want to take. It also had to do with changing towards studying more how people behave rather than how cells move.","I want to be in academia, or run my own education program.",SOCIOL 24: Introduction to Social Inequality,"Competitive, Inhumane",Male,Latino,Very stressed,5,2.48
Sophomore,HEB,4,Yes! I am currently pre-med and intend on becoming a doctor in the future.,,Yes,2,"LS1a, LS1b, PS1, Chem17, Math 1a and/or 1b",21,4,3,3,2,4,4,No but I plan to,No,No,,3,"Tutoring/Teaching, Shadowing, Homeless Shelters, Mentoring",6,0,"Yes, both",1,"PhD, Masters, MBA",Office Hours,I enjoy learning about the body and interacting with new people.,,I want my college experience to be interesting.,USW26 Sex and the Citizen,Too competitive without a clear goal.,Female,"White, Polish",Pretty stressed,4,3.7
Senior,IB,4,Yes! I am currently pre-med and intend on becoming a doctor in the future.,,Yes,3,"LPSA, LS1b, PS1, Chem17, Chem27, Summer School Physics, Math21a and/or 21b, Applied Math 21a and/or 21b, APPHY 50a",,1,5,5,3,3,4,Nope.,No,No,,2,"Shadowing, Homeless Shelters",3,15,No,4,"PhD, MPH, MBA, JD",,,,,"Freshman Seminar, Amateur Athletics or SCRB 175: Glucose",Crazy,Male,,Pretty stressed,5,3.5
Junior,,3,Yes! I am currently pre-med and intend on becoming a doctor in the future.,,Yes,2,"LS2, PS2, Chem17, Chem27, SCRB20, LS50a/b",28,4,5,3,2,4,3,No but I plan to,No,No,,3,"Peer Counseling/Peer Education, Shadowing, Working at a hospital or health care center, Mentoring",0,0,No,4,"MPH, MBA","Office Hours, Peer Counseling, BSC Peer Tutoring, CAMHS Counseling",,,,,"Not good, people are not very genuine in their friendships.",Female,,Pretty stressed,5,
First-year,,3,Yes! I am currently pre-med and intend on becoming a doctor in the future.,,Yes,2,"LPSA, Math 1a and/or 1b",18,4,1,4,2,3,3,No but I plan to,No,No,,4,None,0,0,"Yes, both",1,PhD,"Office Hours, Peer Counseling, BSC Peer Tutoring, Other Tutoring","Helping people, serving society",,Become pediatrician,AFRAMER 197,"The culture is competitive, and I sense that people only care about what gives them the best grade, not actually learning. People compare themselves endlessly and fret over 1-2 point differences.",Female,Asian,Just stressed enough,5,
Senior,Chemistry and Physics,5,Yes but not anymore,3-4 semesters,Yes,5,"Physics 15b, Chem20, Chem30",20,3,4,4,5,3,3,Nope.,Yes,"Father, Mother",Yes,4,None,0,16,No,4,"PhD, Chemistry",Office Hours,I wanted the knowledge I would get in medical school; I feel that growing up with physician parents really improved my life.,"I didn't want to take the biology requirement, and I didn't really want to practice medicine; I just wanted to do research.","PhD in Chemistry, pursue academia",Statistics 171,Totally toxic,Female,White,Just stressed enough,4,
First-year,Romance Languages and Literature,3,Yes! I am currently pre-med and intend on becoming a doctor in the future.,1-2 semesters,Yes,3,"LPSA, Math 1a and/or 1b",12,4,2,4,4,5,5,No but I plan to,No,No,,3,"Advocacy, Tutoring/Teaching, Homeless Shelters, Service activities serving medically disadvantaged populations",6,0,"Yes, both",1,"PhD, Masters, M.Ed, JD",Office Hours,,,,,,Male,,A little stressed,5,
Sophomore,MCB,3,Yes! I am currently pre-med and intend on becoming a doctor in the future.,,Yes,2,"LS1a, LS1b, PS11, Chem17, MCB60, Math Ma and/or Mb, Math 1a and/or 1b",40,4,3,4,4,3,3,No but I plan to,No,No,,4,Service activities serving medically disadvantaged populations,2,0,"Yes, both",1,,"Office Hours, BSC Peer Tutoring",,,,,,Female,,Pretty stressed,5,
Sophomore,Economics,4,Yes! I am currently pre-med and intend on becoming a doctor in the future.,,Yes,4,"LPSA, LS1b, PS11, Chem17",36,3,3,3,4,4,3,No but I plan to,No,No,,3,"Shadowing, Service activities serving medically disadvantaged populations, Mentoring",3,0,"Yes, both",1,,"Office Hours, BSC Peer Tutoring, CAMHS Counseling",,,,,,,,Pretty stressed,5,
Senior,IB,5,Yes! I am currently pre-med and intend on becoming a doctor in the future.,7-8 semesters,Yes,5,"LS1a, LS2, Physics 12b, Physics 15a, Chem17, Chem27, Math21a and/or 21b",35,5,5,5,5,4,5,Nope.,No,No,,3,"Peer Counseling/Peer Education, EMT",8,4,No,5,MPH,Office Hours,"Love medicine, love service",,,LS2 !!!,intense; we all need to relax a little bit. We go to Harvard; we'll be fine and should be less competitive,Female,Caucasian,Just stressed enough,5,3.88
Sophomore,IB,3,Yes! I am currently pre-med and intend on becoming a doctor in the future.,,No but I switched to being pre-med,2,"LS1a, LS1b, PS1, Chem17, Math Ma and/or Mb, OEB 10",25,2,2,1,3,3,1,No but I plan to,No,No,,5,"Shadowing, Health-focused nonprofit",3,0,"Yes, both",1,"MPH, MBA","Office Hours, BSC Peer Tutoring",I want to change people's lives in a way that matters.,,Doctor and Health Advocate. Possibly nonprofit work,Spanish 11,"Ugh. The people individually are awesome and really motivated, but as a whole it's cutthroat because everyone is so focused on grades, what looks good on a resume, and getting into med school",Female,Caucasian/Asian,Pretty stressed,4,3.6ish
Senior,HDRB,5,Yes! I am currently pre-med and intend on becoming a doctor in the future.,,Yes,3,"LS1a, LS1b, PS1, Chem17, Chem27, MCB60, Math 19a and/or 19b, SLS20",10,5,4,3,5,5,5,Yes!,Yes,Mother,Yes,5,"Tutoring/Teaching, Shadowing, Homeless Shelters, Mentoring",4,5,No,5,"MPH, MBA, MPP",Office Hours,"Service, security, scientific curiosity",,Physician,SCRB187,"What you make of it- supportive, welcoming individuals exist from profs to preceptors to TAs to fellow classmates",Female,Asian,Just stressed enough,5,
Sophomore,Biomedical Engineering,4,Yes! I am currently pre-med and intend on becoming a doctor in the future.,,Yes,3,"LS1a, LS1b, Math 1a and/or 1b, Math21a and/or 21b",15,4,4,1,4,3,5,No but I plan to,No,No,,4,"Tutoring/Teaching, Peer Counseling/Peer Education, Working at a hospital or health care center, Mentoring",10,6,No,4,PhD,Office Hours,love helping people and want to make a difference,,To be a doctor working with Doctors without Borders and also a part time translator/traveller/educator.,"ES53, Religion 1802","v. intense; always feel like I'm not doing enough,",Female,Indian (asian),Pretty stressed,5,
First-year,HEB,4,Yes! I am currently pre-med and intend on becoming a doctor in the future.,,Yes,2,"LPSA, Math Ma and/or Mb",25,5,3,4,5,3,4,No but I plan to,No,No,,5,None,0,0,"Yes, low income",2,,"Office Hours, BSC Peer Tutoring",To reach my end goal of becoming the forensic pathologist I have dreamed of becoming since age 12.,N/A,Forensic pathology!! :-),LPS A!! :-) (so far),"Only being on campus for ~2 months, I haven't had much experience with the culture.",Female,German-Nigerian,Just stressed enough,3,
First-year,Computer Science,3,Yes but not anymore,1-2 semesters,Yes,3,PSY 14,15,4,1,3,3,4,5,Nope.,No,No,,3,,0,0,"Yes, both",3,"PhD, Masters, Either CS, Neuroscience, or International Relations",Office Hours,,,,,,Female,Polish,Pretty stressed,4,1st semester freshman ._.
Senior,Social Studies,4,Yes but not anymore,5-6 semesters,Yes,2,"LPSA, PS1, MCB60, SLS20",40,4,2,4,2,5,5,Nope.,Yes,Father,No,4,"Advocacy, Tutoring/Teaching, Peer Counseling/Peer Education, Mentoring",10,5,No,5,"PhD, Masters, MPH, Ed.D, MBA, MPP","Office Hours, Peer Counseling, CAMHS Counseling",I was interested in health care and thought the only way was through medicine,I realized that I was below average and my aptitude wasn't as high as those here; there are other ways to get involved in health care,"Work for a few years abroad in health/education/international development, apply to masters or phd programs",Social Studies 10a or GHHP60,Brutal and non-compromising,Female,South Asian,Pretty stressed,4,3.6
Junior,HDRB,5,Yes! I am currently pre-med and intend on becoming a doctor in the future.,,Yes,3,"LPSA, LS1b, PS1, PS2, Chem17, Chem27, SCRB20, Math 1a and/or 1b, SCRB 10",20,5,2,1,4,1,1,No but I plan to,No,No,,5,"Tutoring/Teaching, Shadowing, Working at a hospital or health care center",5,7,"Yes, both",5,,"Office Hours, BSC Peer Tutoring, CAMHS Counseling",To fulfill a promise that I made to my grandmother.,,"I want to obtain an MD, PhD and work at a major research hospital on clinical trails for new therapeutics.",SCRB 10,"The pre-med culture creates a sense of community around suffering, but you know in large lecture classes it is you against everyone else. However, I do not think it keeps people from helping each other. It just gives you anxiety before a test.",Male,Caucasian,Very stressed,5,3.8
Senior,HDRB,4,Yes! I am currently pre-med and intend on becoming a doctor in the future.,7-8 semesters,Yes,3,"LS1a, LS1b, PS1, PS2, PS3, Chem17, Chem27, MCB60, Math 1a and/or 1b, Math21a and/or 21b, SLS20",16,5,3,4,4,5,4,No but I plan to,No,No,,4,"Peer Counseling/Peer Education, Service activities serving medically disadvantaged populations, Working at a hospital or health care center",0,5,"Yes, both",5,"PhD, Masters, MPH","Office Hours, CAMHS Counseling","Based on life experiences and my personality, I think there's really no greater way to be able to help people than to be a doctor (for me personally).",,Emergency medicine doctor? Eventually would really like to work in areas of high need (e.g. join orgs. like Partners in Health or Doctors Without Borders,SCRB182,"Pretty stressful, I don't think people try to be competitive with each other but often drive themselves to their limits (I know I certainly do) in this unending cycle/internalized competition of who can do the most without breaking.",Female,Asian,Very stressed,4,3.7
Senior,HDRB,4,Yes! I am currently pre-med and intend on becoming a doctor in the future.,7-8 semesters,Yes,3,"LPSA, LS1b, PS1, PS2, PS3, Chem17, Chem27, SCRB20, Applied Math 21a and/or 21b",12.5,5,3,5,4,4,3,No but I plan to,No,No,,4,"Tutoring/Teaching, Shadowing, Service activities serving medically disadvantaged populations, Mentoring",5,0,"Yes, both",5,"Masters, MBA",Office Hours,,,,SCRB 175,"The pre-med culture can be stressful, but if you find a few friends who like to collaborate it can make your time a lot easier.",Male,Latino,Just stressed enough,4,
First-year,Undecided,3,Yes! I am currently pre-med and intend on becoming a doctor in the future.,,Yes,3,"LPSA, Math 1a and/or 1b",30,2,3,1,4,4,4,No but I plan to,Yes,No,No,3,None,,0,"Yes, first-gen",1,,"Office Hours, Peer Counseling, BSC Peer Tutoring",being a doctor seemed interesting,,,idk,"ppl either have their lives planned or have no clue what to do in the process, and it seems like 1st year particularly it is very independent of guidance",Male,"black, latino",Very stressed,3,n/a
Junior,HDRB,4,Yes! I am currently pre-med and intend on becoming a doctor in the future.,,No but I switched to being pre-med,5,"LS1a, LS1b, PS2, Chem17, Chem27, SCRB20, Math 19a and/or 19b",5,5,3,4,3,4,4,No but I plan to,Yes,Older brother/older stepbrother,Yes,5,"Shadowing, Service activities serving medically disadvantaged populations, Working at a hospital or health care center",10,0,No,5,,Office Hours,,,,,,Male,,A little stressed,4,
Senior,Applied Math,4,Yes! I am currently pre-med and intend on becoming a doctor in the future.,,Yes,5,"LS1a, LS1b, PS11, Physics 15a, Physics 15b, Chem17, Chem27, MCB60, SLS20",,4,5,5,4,3,4,Yes!,Yes,No,,5,"Tutoring/Teaching, Peer Counseling/Peer Education, Shadowing, Service activities serving medically disadvantaged populations",2,0,No,5,"MPH, MBA","Office Hours, Peer Counseling",Passion for connecting with others and living for and with others through patient care,,Career in global health focused on tackling health disparities through health systems strengthening,MCB 112,"I think the pre-med culture at Harvard can be quite competitive; however, if you find the right people and take advantage of the abundant resources available, it can be an incredibly fulfilling and rewarding journey.",Male,Asian American,Pretty stressed,5,3.889
Sophomore,Hist & Sci,5,Yes! I am currently pre-med and intend on becoming a doctor in the future.,,Yes,4,"LS1a, LS1b, PS11, Chem17, Math Ma and/or Mb",,4,2,3,4,4,5,No but I plan to,No,No,,4,"Shadowing, Working at a hospital or health care center",,10,No,3,"MPH, MBA, MPP",Office Hours,Previous experiences in hospitals,,Interventional Cardiology,,,Male,Ghanaian American,Just stressed enough,4,3.67
Already graduated,Hist & Sci,4,Yes! I am currently pre-med and intend on becoming a doctor in the future.,,No but I switched to being pre-med,5,"LPSA, LS2, PS11, Chem17, Chem27, Applied Math 21a and/or 21b",,4,1,1,1,5,5,Yes!,No,No,,2,"Advocacy, Peer Counseling/Peer Education, Homeless Shelters, Service activities serving medically disadvantaged populations, Mentoring",,7,"Yes, both",5,"PhD, Masters, MPH","Office Hours, BSC Peer Tutoring",,,,,,Female,,Pretty stressed,5,
First-year,Physics,4,Yes! I am currently pre-med and intend on becoming a doctor in the future.,,Yes,2,"Physics 15a, Math 1a and/or 1b",20,3,5,2,4,5,5,No but I plan to,No,No,,3,None,0,12,"Yes, both",1,"PhD, Masters, Physics",Office Hours,I want a job that actually helps people,,Being a doctor,History 13S: Secrets and Lies in European History,,Male,Caucasian,Just stressed enough,5,
Sophomore,HDRB,5,Yes! I am currently pre-med and intend on becoming a doctor in the future.,,Yes,3,"LS1a, LS1b, Chem17, Math 19a and/or 19b, SCRB10",15,5,1,3,3,4,4,No but I plan to,No,No,,4,None,0,2,"Yes, first-gen",5,"PhD, MBA","Office Hours, BSC Peer Tutoring, CAMHS Counseling",I'm fascinated by the human body,,Get into medical school,SCRB10,It is very competitive. I sometimes consider taking harder courses to avoid other premed students.,Female,Asian,Just stressed enough,4,
Senior,Social Anthropology,3,Yes! I am currently pre-med and intend on becoming a doctor in the future.,,Yes,2,"LPSA, LS1b, PS1, PS2, PS3, Chem17, Chem27, MCB60, Math 1a and/or 1b, SLS20",17.5,4,5,2,1,4,5,No but I plan to,No,No,,3,"Advocacy, Shadowing, Homeless Shelters, Service activities serving medically disadvantaged populations, Working at a hospital or health care center",25,10,"Yes, both",3,Masters,"Office Hours, BSC Peer Tutoring",I care about people and medicine is a stable profession.,,Want to be a pediatrician.,ER 18,Competitive and stressful,Female,Asian,Very stressed,5,
Senior,Chemical and Physical Biology,4,Yes! I am currently pre-med and intend on becoming a doctor in the future.,,Yes,5,"LS1a, LS1b, PS11, Physics 12a, Physics 12b, Chem17, Chem27, MCB60, Math21a and/or 21b, SLS20",21,5,2,2,4,5,4,Yes!,Yes,Father,Yes,3,"Tutoring/Teaching, dance and service",4,5,No,5,MPH,Office Hours,"lifelong science learning, helping people",,improving health disparities,Psych 1002 or FM 128 or MBB seminar on Dopamine,"toxic and competitive, I avoided it as much as possible",Female,South Asian,Pretty stressed,4,4
First-year,Undecided,1,I've thought about it once or twice,,Yes,3,"LS1a, Math 1a and/or 1b",35,4,I have never taken a physics course and do not intend to.,4,2,,4,Nope.,Yes,"Father, Mother",No,4,None,0,0,"Yes, low income",,"PhD, Masters, Unsure",Office Hours,Keeping the choice of being a doctor open,"A lot of requirements, all of which are intro courses and not very engaging",Unsure,Freshman Seminar 22D,Stressful,Male,South Asian,Pretty stressed,3,
First-year,Applied Math,5,Yes! I am currently pre-med and intend on becoming a doctor in the future.,,Yes,3,"LPSA, Math Ma and/or Mb",,4,4,5,3,4,4,No but I plan to,No,No,,3,None,0,0,"Yes, both",1,"PhD, Masters","Office Hours, BSC Peer Tutoring",I have wanted to be a dermatologist for a long time.,"I am worried about my GPA, especially because I failed the first half of LPSA.","Become a dermatologist. If my GPA is too low for me to go to medical school (it probably is), I my backup plans are to continue with math, philosophy, and/or the arts.","Expos 10, Math Ma, or my freshman seminar","Some people shrug off pre-med students because they are very common,",Female,Hispanic/Latino,Just stressed enough,4,I don't have one yet.
Senior,Chemistry,5,Yes! I am currently pre-med and intend on becoming a doctor in the future.,,Yes,3,"LS1a, LS1b, Physics 12a, Physics 12b, Chem20, Chem27, Math21a and/or 21b",15,5,5,5,5,4,3,No but I plan to,No,No,,5,"Tutoring/Teaching, Shadowing, Mentoring",5,0,"Yes, low income",5,PhD,Office Hours,,,,,,Female,,Pretty stressed,5,
Sophomore,Economics,4,Yes! I am currently pre-med and intend on becoming a doctor in the future.,,No but I switched to being pre-med,3,"LS1a, LS1b, PS11, Chem17, MCB60, Math21a and/or 21b",20,4,2,3,3,5,4,No but I plan to,Yes,"Father, Mother, Older sister/older stepsister",Yes,4,Tutoring/Teaching,4,5,No,3,"MPH, MBA, MPP","Office Hours, BSC Peer Tutoring",desire to directly help people and be able to see the impact of y actions,,health policymaker + clinician,"chem17! hate the class, love the professor",Pre-med culture at Harvard perpetuates the pre-med stereotype.,Female,,Pretty stressed,5,
Senior,Applied Math,4,Yes! I am currently pre-med and intend on becoming a doctor in the future.,,Yes,4,"LS1a, LS1b, Physics 12a, Physics 12b, Chem17, Chem27, Math21a and/or 21b",30,3,4,5,4,2,5,No but I plan to,Yes,Father,No,4,"Tutoring/Teaching, Shadowing, Working at a hospital or health care center",2,0,No,3,,Office Hours,,,,,,Female,,Pretty stressed,3,
Junior,Psych: Cognitive Neuroscience,5,Yes! I am currently pre-med and intend on becoming a doctor in the future.,,Yes,2,"LPSA, LS1b, PS11, SLS20",17,5,3,2,4,5,4,No but I plan to,No,No,,2,"Advocacy, Mentoring",15,6,"Yes, both",3,"MPH, MBA",Office Hours,"I want to be a Doctor, my passions are health and nutrition, and I enjoy the day to day of a practicing physician.","This year I dropped organic chemistry early on because I just couldn't justify being in a class that was intimidating me and that I couldn't relate to the aspects of biology and health that I enjoy. I'm a junior and still have not taken a math course at Harvard because honestly I'm scared my high school did not prepare me for this, and the longer I waited the worst I became.",,"USW-11, American HealthCare, PSY18 Abnormal Psych,",I always hated the pre-med culture since Day 1. There's no advising to help you decide if pre-med is right for you or not so you get these introductory classes filled with people who will get super high grades but that I promise you will drop from being pre-med in 1-2 semesters..... and that intimidates some kids with a poorer science background that may truly have the passion and the empathy and social skills necessary to become a Doctor. I think Harvard Pre-med nurtures researchers not Doctors.,Female,Black and Latina.,Just stressed enough,5,3.57
Junior,Neurobiology,5,Yes! I am currently pre-med and intend on becoming a doctor in the future.,,No but I switched to being pre-med,2,"LS1a, LS1b, LS2, PS11, PS2, Chem17, Chem27, Math 1a and/or 1b",8,5,2,1,4,3,1,No but I plan to,Yes,No,,2,"Peer Counseling/Peer Education, Shadowing, Service activities serving medically disadvantaged populations, Mentoring",4,8,No,3,"Masters, MPH, Medical Science or Public Health",Office Hours,"Everyone deserves a chance at living a fully able, healthy life",,"Short: bring GPA up, Long: surgeon",LS2,"Is not as cutthroat as people make it out to seem, but can be very stressful, especially for those without experience in the sciences due to falling below grade curves. Grades below an A- are basically regarded as failing for a pre-med student here. There is also a lack of adequate pre-med advising available to students, especially freshmen.",Male,Black & White,Just stressed enough,4,3.56
Senior,Chemistry,4,Yes! I am currently pre-med and intend on becoming a doctor in the future.,,Yes,4,"LS1b, LS2, PS2, PS3, Chem17, Chem27, Math21a and/or 21b",40,4,4,4,4,3,3,Yes!,No,No,,3,"Advocacy, Peer Counseling/Peer Education, Shadowing",8,12,No,4,,"Office Hours, CAMHS Counseling","working with people, enjoying science",,,freshmen seminar,there are good circles and bad circles,Female,white,Very stressed,5,3.81
Sophomore,MCB,2,Yes but not anymore,1-2 semesters,Yes,4,"LS1b, PS11, Chem17, MCB52, Math21a and/or 21b, LS 50a",30,3,4,3,4,4,4,Nope.,No,No,,,Advocacy,12,0,"Yes, both",1,"PhD, Chemical Biology, Systems Biology, or Immunology","Office Hours, Peer Counseling, BSC Peer Tutoring, CAMHS Counseling","It seemed like a concrete way of making a positive difference in the world while also doing research. That is, research would provide long-term impact while medical practice would provide more immediate impact.","I understood I could go into research directly. Also, after shadowing a doctor, medical practice wasn't as personally exciting as I expected it to be.",Biomedical research (either academia or industry),Sociology 121,"Maybe it's just because my science classes are large (over 100 students) and it's not connected to pre-med culture, but in group office hours, it's hard to feel like I can voice my questions and feel confident about doing so. I get the sense that premeds are very competitive in academic settings, whereas I tend to be quiet and permissive of others going first.",Male,Latino,Very stressed,5,2.76
Sophomore,HEB,4,Yes! I am currently pre-med and intend on becoming a doctor in the future.,,Yes,5,"LS1a, LS1b, Chem17, Math21a and/or 21b, Applied Math 21a and/or 21b, LS2",40,5,3,5,2,3,2,No but I plan to,No,No,,2,None,,0,No,3,"PhD, Masters, MPH, Public Health",Office Hours,"Personal experiences with loved ones being sick; my parents work in health care and I've grown up around it; I want to help people, and I love studying the human body",,Doctor of some kinda - not exactly sure what yet.,"CB34: Madness & Medicine (I didn't like history and did not expect to enjoy the class, but it was amazing!)","People like to put each other into boxes, and ""pre-med"" is definitely one of them. Unfortunately, in general it's expected that pre-meds will be more stressed about grades. But I think as long as you do what you want to do and don't get caught up in it, you'll be fine.",Female,mixed,Just stressed enough,5,
Senior,Psych: Cognitive Neuroscience,4,Yes! I am currently pre-med and intend on becoming a doctor in the future.,,No but I switched to being pre-med,3,"LS1a, LS1b, LS2, Math Ma and/or Mb, SLS20",10,5,3,1,1,5,3,No but I plan to,No,No,,3,"Shadowing, Working at a hospital or health care center, Mentoring",4,3,No,4,,"Office Hours, Other Tutoring",Passion for medicine and the body in general and passion for helping people/learning in the process; never being bored in my future career; financial stability,,"I dream of becoming a radiologist, Obstetrician, Dermatologist, or Anesthesiologist",LS2,It's cut throat and I honestly hate it. I tend to keep my friend circle away from the other pre-med students as much as possible,Female,Black and White,Very stressed,5,3.3
Senior,Neurobiology,4,Yes! I am currently pre-med and intend on becoming a doctor in the future.,7-8 semesters,Yes,4,"LS1a, LS1b, LS2, PS1, PS2, PS3, Chem17, Chem27, Math 1a and/or 1b, Math 19a and/or 19b",24,5,4,3,4,4,3,Yes!,Yes,No,No,3,"Advocacy, Tutoring/Teaching, Shadowing, Service activities serving medically disadvantaged populations, Working at a hospital or health care center",14,5,"Yes, low income",5,"MPH, MBA",,,,,,,Male,,Just stressed enough,4,